[{"model": "image.image", "pk": 1, "fields": {"project": "1143", "name": "1143_Alob_2015_05_18_001", "date": "2015-05-18", "created": "2017-09-13T07:23:28.606", "location": "Fasiswald", "juvenile": null, "operator": null, "quality": 1, "has_eggs": null, "image": "1143_Alob_2015_05_18_001.jpg", "disabled": false, "comment": "", "coord_type": "local", "is_labeled": true}}, {"model": "image.image", "pk": 12, "fields": {"project": "1143", "name": "1143_Alob_2015_05_18_023", "date": "2015-05-18", "created": "2017-09-13T07:23:28.606", "location": "Fasiswald", "juvenile": null, "operator": null, "quality": 1, "has_eggs": null, "image": "1143_Alob_2015_05_18_023.jpg", "disabled": false, "comment": "", "coord_type": "local", "is_labeled": true}}, {"model": "image.image", "pk": 73, "fields": {"project": "1143", "name": "1143_Alob_2015_05_27_003", "date": "2015-05-27", "created": "2017-09-13T07:23:28.606", "location": "Fasiswald", "juvenile": null, "operator": null, "quality": 1, "has_eggs": null, "image": "1143_Alob_2015_05_27_003.jpg", "disabled": false, "comment": "", "coord_type": "local", "is_labeled": true}}, {"model": "image.image", "pk": 326, "fields": {"project": "1143", "name": "1143_Alob_2015_06_26_045", "date": "2015-06-26", "created": "2017-09-13T07:23:28.606", "location": "Fasiswald", "juvenile": null, "operator": null, "quality": 1, "has_eggs": null, "image": "1143_Alob_2015_06_26_045.jpg", "disabled": false, "comment": "", "coord_type": "local", "is_labeled": true}}, {"model": "image.image", "pk": 362, "fields": {"project": "1143", "name": "1143_Alob_2015_07_09_007", "date": "2015-07-09", "created": "2017-09-13T07:23:28.606", "location": "Fasiswald", "juvenile": null, "operator": null, "quality": 1, "has_eggs": null, "image": "1143_Alob_2015_07_09_007.jpg", "disabled": false, "comment": "", "coord_type": "local", "is_labeled": true}}, {"model": "image.image", "pk": 365, "fields": {"project": "1143", "name": "1143_Alob_2015_07_09_105", "date": "2015-07-09", "created": "2017-09-13T07:23:28.606", "location": "Fasiswald", "juvenile": null, "operator": null, "quality": 1, "has_eggs": true, "image": "1143_Alob_2015_07_09_105.jpg", "disabled": false, "comment": "", "coord_type": "local", "is_labeled": true}}, {"model": "image.image", "pk": 503, "fields": {"project": "1143", "name": "1143_Alob_2015_07_24_029", "date": "2015-07-24", "created": "2017-09-13T07:23:28.606", "location": "Fasiswald", "juvenile": null, "operator": null, "quality": 1, "has_eggs": true, "image": "1143_Alob_2015_07_24_029.jpg", "disabled": false, "comment": "", "coord_type": "local", "is_labeled": true}}, {"model": "image.image", "pk": 652, "fields": {"project": "1143", "name": "1143_Alob_Fasiswald_2014_05_22_154", "date": "2014-05-22", "created": "2017-09-13T07:23:28.606", "location": "Fasiswald", "juvenile": null, "operator": null, "quality": 1, "has_eggs": true, "image": "1143_Alob_Fasiswald_2014_05_22_154.jpg", "disabled": false, "comment": "", "coord_type": "local", "is_labeled": true}}, {"model": "image.image", "pk": 673, "fields": {"project": "1143", "name": "1143_Alob_Fasiswald_2014_05_22_054", "date": "2014-05-22", "created": "2017-09-13T07:23:28.606", "location": "Fasiswald", "juvenile": null, "operator": null, "quality": 1, "has_eggs": null, "image": "1143_Alob_Fasiswald_2014_05_22_054.jpg", "disabled": false, "comment": "", "coord_type": "local", "is_labeled": true}}, {"model": "image.image", "pk": 750, "fields": {"project": "1143", "name": "1143_Alob_Fasiswald_2014_06_13_012", "date": "2014-06-13", "created": "2017-09-13T07:23:28.606", "location": "Fasiswald", "juvenile": null, "operator": null, "quality": 1, "has_eggs": null, "image": "1143_Alob_Fasiswald_2014_06_13_012.jpg", "disabled": false, "comment": "", "coord_type": "local", "is_labeled": true}}, {"model": "image.image", "pk": 789, "fields": {"project": "1143", "name": "1143_Alob_Fasiswald_2014_06_13_062", "date": "2014-06-13", "created": "2017-09-13T07:23:28.606", "location": "Fasiswald", "juvenile": null, "operator": null, "quality": 1, "has_eggs": true, "image": "1143_Alob_Fasiswald_2014_06_13_062.jpg", "disabled": false, "comment": "", "coord_type": "local", "is_labeled": true}}, {"model": "image.image", "pk": 854, "fields": {"project": "1143", "name": "1143_Alob_Fasiswald_2014_06_27_064", "date": "2014-06-27", "created": "2017-09-13T07:23:28.606", "location": "Fasiswald", "juvenile": null, "operator": null, "quality": 1, "has_eggs": null, "image": "1143_Alob_Fasiswald_2014_06_27_064.jpg", "disabled": false, "comment": "", "coord_type": "local", "is_labeled": true}}, {"model": "image.imagepool", "pk": 1, "fields": {"name": "2014", "created": "2018-02-26T16:02:04.994", "images": [854, 750, 789, 652, 673]}}, {"model": "image.imagepool", "pk": 2, "fields": {"name": "2015", "created": "2018-02-26T16:02:18.642", "images": [503, 362, 365, 326, 73, 1, 12]}}, {"model": "image.point", "pk": 23714, "fields": {"image": 1, "x": 1719.0, "y": 1701.0, "type": "wart"}}, {"model": "image.point", "pk": 23715, "fields": {"image": 1, "x": 1567.0, "y": 1703.0, "type": "wart"}}, {"model": "image.point", "pk": 23716, "fields": {"image": 1, "x": 1732.0, "y": 1549.0, "type": "wart"}}, {"model": "image.point", "pk": 23717, "fields": {"image": 1, "x": 1834.0, "y": 1768.0, "type": "wart"}}, {"model": "image.point", "pk": 23718, "fields": {"image": 1, "x": 1832.0, "y": 1889.0, "type": "wart"}}, {"model": "image.point", "pk": 23719, "fields": {"image": 1, "x": 1901.0, "y": 1664.0, "type": "wart"}}, {"model": "image.point", "pk": 23720, "fields": {"image": 1, "x": 1856.0, "y": 1556.0, "type": "wart"}}, {"model": "image.point", "pk": 23721, "fields": {"image": 1, "x": 1858.0, "y": 1441.0, "type": "wart"}}, {"model": "image.point", "pk": 23722, "fields": {"image": 1, "x": 1975.0, "y": 1499.0, "type": "wart"}}, {"model": "image.point", "pk": 23723, "fields": {"image": 1, "x": 2014.0, "y": 1423.0, "type": "wart"}}, {"model": "image.point", "pk": 23724, "fields": {"image": 1, "x": 2048.0, "y": 1694.0, "type": "wart"}}, {"model": "image.point", "pk": 23725, "fields": {"image": 1, "x": 2111.0, "y": 1605.0, "type": "wart"}}, {"model": "image.point", "pk": 23726, "fields": {"image": 1, "x": 2109.0, "y": 1751.0, "type": "wart"}}, {"model": "image.point", "pk": 23727, "fields": {"image": 1, "x": 2025.0, "y": 1948.0, "type": "wart"}}, {"model": "image.point", "pk": 23728, "fields": {"image": 1, "x": 2033.0, "y": 1859.0, "type": "wart"}}, {"model": "image.point", "pk": 23729, "fields": {"image": 1, "x": 2129.0, "y": 1866.0, "type": "wart"}}, {"model": "image.point", "pk": 23730, "fields": {"image": 1, "x": 2215.0, "y": 1853.0, "type": "wart"}}, {"model": "image.point", "pk": 23731, "fields": {"image": 1, "x": 2313.0, "y": 1946.0, "type": "wart"}}, {"model": "image.point", "pk": 23732, "fields": {"image": 1, "x": 2283.0, "y": 1705.0, "type": "wart"}}, {"model": "image.point", "pk": 23733, "fields": {"image": 1, "x": 2276.0, "y": 1640.0, "type": "wart"}}, {"model": "image.point", "pk": 23734, "fields": {"image": 1, "x": 2296.0, "y": 1510.0, "type": "wart"}}, {"model": "image.point", "pk": 23735, "fields": {"image": 1, "x": 2194.0, "y": 1501.0, "type": "wart"}}, {"model": "image.point", "pk": 23736, "fields": {"image": 1, "x": 2176.0, "y": 1387.0, "type": "wart"}}, {"model": "image.point", "pk": 23737, "fields": {"image": 1, "x": 2265.0, "y": 1324.0, "type": "wart"}}, {"model": "image.point", "pk": 23738, "fields": {"image": 1, "x": 2471.0, "y": 1298.0, "type": "wart"}}, {"model": "image.point", "pk": 23739, "fields": {"image": 1, "x": 2449.0, "y": 1562.0, "type": "wart"}}, {"model": "image.point", "pk": 23740, "fields": {"image": 1, "x": 2382.0, "y": 1722.0, "type": "wart"}}, {"model": "image.point", "pk": 23741, "fields": {"image": 1, "x": 2549.0, "y": 1731.0, "type": "wart"}}, {"model": "image.point", "pk": 23742, "fields": {"image": 1, "x": 2244.0, "y": 1989.0, "type": "wart"}}, {"model": "image.point", "pk": 23743, "fields": {"image": 1, "x": 2460.0, "y": 2097.0, "type": "wart"}}, {"model": "image.point", "pk": 23744, "fields": {"image": 1, "x": 2564.0, "y": 1861.0, "type": "wart"}}, {"model": "image.point", "pk": 23745, "fields": {"image": 1, "x": 2527.0, "y": 1471.0, "type": "wart"}}, {"model": "image.point", "pk": 23856, "fields": {"image": 12, "x": 2451.0, "y": 1477.0, "type": "wart"}}, {"model": "image.point", "pk": 23857, "fields": {"image": 12, "x": 2505.0, "y": 1672.0, "type": "wart"}}, {"model": "image.point", "pk": 23858, "fields": {"image": 12, "x": 2580.0, "y": 1799.0, "type": "wart"}}, {"model": "image.point", "pk": 23859, "fields": {"image": 12, "x": 2594.0, "y": 1695.0, "type": "wart"}}, {"model": "image.point", "pk": 23860, "fields": {"image": 12, "x": 2812.0, "y": 1837.0, "type": "wart"}}, {"model": "image.point", "pk": 23861, "fields": {"image": 12, "x": 2986.0, "y": 1487.0, "type": "wart"}}, {"model": "image.point", "pk": 23862, "fields": {"image": 12, "x": 2849.0, "y": 1406.0, "type": "wart"}}, {"model": "image.point", "pk": 23863, "fields": {"image": 12, "x": 2837.0, "y": 1767.0, "type": "wart"}}, {"model": "image.point", "pk": 23864, "fields": {"image": 12, "x": 2861.0, "y": 2047.0, "type": "wart"}}, {"model": "image.point", "pk": 23865, "fields": {"image": 12, "x": 2588.0, "y": 2051.0, "type": "wart"}}, {"model": "image.point", "pk": 23866, "fields": {"image": 12, "x": 1951.0, "y": 1709.0, "type": "wart"}}, {"model": "image.point", "pk": 23867, "fields": {"image": 12, "x": 1974.0, "y": 1867.0, "type": "wart"}}, {"model": "image.point", "pk": 23868, "fields": {"image": 12, "x": 2196.0, "y": 1865.0, "type": "wart"}}, {"model": "image.point", "pk": 23869, "fields": {"image": 12, "x": 1962.0, "y": 1633.0, "type": "wart"}}, {"model": "image.point", "pk": 23870, "fields": {"image": 12, "x": 2354.0, "y": 1606.0, "type": "wart"}}, {"model": "image.point", "pk": 23871, "fields": {"image": 12, "x": 3095.0, "y": 1782.0, "type": "wart"}}, {"model": "image.point", "pk": 23872, "fields": {"image": 12, "x": 3259.0, "y": 1707.0, "type": "wart"}}, {"model": "image.point", "pk": 23873, "fields": {"image": 12, "x": 3016.0, "y": 1661.0, "type": "wart"}}, {"model": "image.point", "pk": 23874, "fields": {"image": 12, "x": 2345.0, "y": 1890.0, "type": "wart"}}, {"model": "image.point", "pk": 23875, "fields": {"image": 12, "x": 2120.0, "y": 1757.0, "type": "wart"}}, {"model": "image.point", "pk": 23876, "fields": {"image": 12, "x": 2531.0, "y": 1502.0, "type": "wart"}}, {"model": "image.point", "pk": 23877, "fields": {"image": 12, "x": 2706.0, "y": 1734.0, "type": "wart"}}, {"model": "image.point", "pk": 25052, "fields": {"image": 652, "x": 2056.0, "y": 1826.0, "type": "wart"}}, {"model": "image.point", "pk": 25053, "fields": {"image": 652, "x": 2223.0, "y": 1850.0, "type": "wart"}}, {"model": "image.point", "pk": 25054, "fields": {"image": 652, "x": 2251.0, "y": 1922.0, "type": "wart"}}, {"model": "image.point", "pk": 25055, "fields": {"image": 652, "x": 2423.0, "y": 2073.0, "type": "wart"}}, {"model": "image.point", "pk": 25056, "fields": {"image": 652, "x": 2335.0, "y": 2022.0, "type": "wart"}}, {"model": "image.point", "pk": 25057, "fields": {"image": 652, "x": 2405.0, "y": 1817.0, "type": "wart"}}, {"model": "image.point", "pk": 25058, "fields": {"image": 652, "x": 2454.0, "y": 1854.0, "type": "wart"}}, {"model": "image.point", "pk": 25059, "fields": {"image": 652, "x": 2381.0, "y": 1652.0, "type": "wart"}}, {"model": "image.point", "pk": 25060, "fields": {"image": 652, "x": 2286.0, "y": 1736.0, "type": "wart"}}, {"model": "image.point", "pk": 25061, "fields": {"image": 652, "x": 2628.0, "y": 1631.0, "type": "wart"}}, {"model": "image.point", "pk": 25062, "fields": {"image": 652, "x": 2679.0, "y": 1815.0, "type": "wart"}}, {"model": "image.point", "pk": 25063, "fields": {"image": 652, "x": 2582.0, "y": 1878.0, "type": "wart"}}, {"model": "image.point", "pk": 25064, "fields": {"image": 652, "x": 2584.0, "y": 1959.0, "type": "wart"}}, {"model": "image.point", "pk": 25065, "fields": {"image": 652, "x": 2777.0, "y": 1882.0, "type": "wart"}}, {"model": "image.point", "pk": 25066, "fields": {"image": 652, "x": 2728.0, "y": 1887.0, "type": "wart"}}, {"model": "image.point", "pk": 25067, "fields": {"image": 652, "x": 2023.0, "y": 1931.0, "type": "wart"}}, {"model": "image.point", "pk": 25806, "fields": {"image": 673, "x": 1905.0, "y": 1701.0, "type": "wart"}}, {"model": "image.point", "pk": 25807, "fields": {"image": 673, "x": 2161.0, "y": 1562.0, "type": "wart"}}, {"model": "image.point", "pk": 25808, "fields": {"image": 673, "x": 2312.0, "y": 1524.0, "type": "wart"}}, {"model": "image.point", "pk": 25809, "fields": {"image": 673, "x": 2337.0, "y": 1667.0, "type": "wart"}}, {"model": "image.point", "pk": 25810, "fields": {"image": 673, "x": 2127.0, "y": 1693.0, "type": "wart"}}, {"model": "image.point", "pk": 25811, "fields": {"image": 673, "x": 2064.0, "y": 1897.0, "type": "wart"}}, {"model": "image.point", "pk": 25812, "fields": {"image": 673, "x": 2129.0, "y": 1852.0, "type": "wart"}}, {"model": "image.point", "pk": 25813, "fields": {"image": 673, "x": 2294.0, "y": 1782.0, "type": "wart"}}, {"model": "image.point", "pk": 25814, "fields": {"image": 673, "x": 2361.0, "y": 1905.0, "type": "wart"}}, {"model": "image.point", "pk": 25815, "fields": {"image": 673, "x": 2343.0, "y": 1955.0, "type": "wart"}}, {"model": "image.point", "pk": 25816, "fields": {"image": 673, "x": 2468.0, "y": 1885.0, "type": "wart"}}, {"model": "image.point", "pk": 25817, "fields": {"image": 673, "x": 2427.0, "y": 2012.0, "type": "wart"}}, {"model": "image.point", "pk": 25818, "fields": {"image": 673, "x": 2598.0, "y": 1993.0, "type": "wart"}}, {"model": "image.point", "pk": 25819, "fields": {"image": 673, "x": 2657.0, "y": 1836.0, "type": "wart"}}, {"model": "image.point", "pk": 25820, "fields": {"image": 673, "x": 2671.0, "y": 1778.0, "type": "wart"}}, {"model": "image.point", "pk": 25821, "fields": {"image": 673, "x": 2552.0, "y": 1772.0, "type": "wart"}}, {"model": "image.point", "pk": 25822, "fields": {"image": 673, "x": 2605.0, "y": 1657.0, "type": "wart"}}, {"model": "image.point", "pk": 25823, "fields": {"image": 673, "x": 2782.0, "y": 1681.0, "type": "wart"}}, {"model": "image.point", "pk": 25824, "fields": {"image": 673, "x": 2681.0, "y": 1504.0, "type": "wart"}}, {"model": "image.point", "pk": 26410, "fields": {"image": 73, "x": 2566.0, "y": 1412.0, "type": "wart"}}, {"model": "image.point", "pk": 26411, "fields": {"image": 73, "x": 2768.0, "y": 1483.0, "type": "wart"}}, {"model": "image.point", "pk": 26412, "fields": {"image": 73, "x": 2744.0, "y": 1636.0, "type": "wart"}}, {"model": "image.point", "pk": 26413, "fields": {"image": 73, "x": 2725.0, "y": 1687.0, "type": "wart"}}, {"model": "image.point", "pk": 26414, "fields": {"image": 73, "x": 2579.0, "y": 1734.0, "type": "wart"}}, {"model": "image.point", "pk": 26415, "fields": {"image": 73, "x": 2558.0, "y": 1614.0, "type": "wart"}}, {"model": "image.point", "pk": 26416, "fields": {"image": 73, "x": 2482.0, "y": 1809.0, "type": "wart"}}, {"model": "image.point", "pk": 26417, "fields": {"image": 73, "x": 2729.0, "y": 1855.0, "type": "wart"}}, {"model": "image.point", "pk": 26418, "fields": {"image": 73, "x": 2581.0, "y": 1874.0, "type": "wart"}}, {"model": "image.point", "pk": 26419, "fields": {"image": 73, "x": 2270.0, "y": 1666.0, "type": "wart"}}, {"model": "image.point", "pk": 26420, "fields": {"image": 73, "x": 2352.0, "y": 1541.0, "type": "wart"}}, {"model": "image.point", "pk": 26421, "fields": {"image": 73, "x": 2175.0, "y": 1552.0, "type": "wart"}}, {"model": "image.point", "pk": 26422, "fields": {"image": 73, "x": 2135.0, "y": 1442.0, "type": "wart"}}, {"model": "image.point", "pk": 26423, "fields": {"image": 73, "x": 2311.0, "y": 1395.0, "type": "wart"}}, {"model": "image.point", "pk": 26424, "fields": {"image": 73, "x": 2085.0, "y": 1653.0, "type": "wart"}}, {"model": "image.point", "pk": 26425, "fields": {"image": 73, "x": 2416.0, "y": 1384.0, "type": "wart"}}, {"model": "image.point", "pk": 26426, "fields": {"image": 73, "x": 2163.0, "y": 1812.0, "type": "wart"}}, {"model": "image.point", "pk": 31865, "fields": {"image": 750, "x": 2438.0, "y": 1612.0, "type": "wart"}}, {"model": "image.point", "pk": 31866, "fields": {"image": 750, "x": 2310.0, "y": 1579.0, "type": "wart"}}, {"model": "image.point", "pk": 31867, "fields": {"image": 750, "x": 2213.0, "y": 1571.0, "type": "wart"}}, {"model": "image.point", "pk": 31868, "fields": {"image": 750, "x": 2133.0, "y": 1587.0, "type": "wart"}}, {"model": "image.point", "pk": 31869, "fields": {"image": 750, "x": 2039.0, "y": 1623.0, "type": "wart"}}, {"model": "image.point", "pk": 31870, "fields": {"image": 750, "x": 2085.0, "y": 1680.0, "type": "wart"}}, {"model": "image.point", "pk": 31871, "fields": {"image": 750, "x": 2184.0, "y": 1669.0, "type": "wart"}}, {"model": "image.point", "pk": 31872, "fields": {"image": 750, "x": 2142.0, "y": 1741.0, "type": "wart"}}, {"model": "image.point", "pk": 31873, "fields": {"image": 750, "x": 2016.0, "y": 1745.0, "type": "wart"}}, {"model": "image.point", "pk": 31874, "fields": {"image": 750, "x": 1919.0, "y": 1757.0, "type": "wart"}}, {"model": "image.point", "pk": 31875, "fields": {"image": 750, "x": 1810.0, "y": 1745.0, "type": "wart"}}, {"model": "image.point", "pk": 31876, "fields": {"image": 750, "x": 1915.0, "y": 1802.0, "type": "wart"}}, {"model": "image.point", "pk": 31877, "fields": {"image": 750, "x": 2020.0, "y": 1802.0, "type": "wart"}}, {"model": "image.point", "pk": 31878, "fields": {"image": 750, "x": 2064.0, "y": 1842.0, "type": "wart"}}, {"model": "image.point", "pk": 31879, "fields": {"image": 750, "x": 2177.0, "y": 1905.0, "type": "wart"}}, {"model": "image.point", "pk": 31880, "fields": {"image": 750, "x": 2278.0, "y": 1858.0, "type": "wart"}}, {"model": "image.point", "pk": 31881, "fields": {"image": 750, "x": 2345.0, "y": 1808.0, "type": "wart"}}, {"model": "image.point", "pk": 31882, "fields": {"image": 750, "x": 2324.0, "y": 1722.0, "type": "wart"}}, {"model": "image.point", "pk": 31883, "fields": {"image": 750, "x": 2432.0, "y": 1902.0, "type": "wart"}}, {"model": "image.point", "pk": 31884, "fields": {"image": 750, "x": 2331.0, "y": 1917.0, "type": "wart"}}, {"model": "image.point", "pk": 32642, "fields": {"image": 789, "x": 1940.0, "y": 1905.0, "type": "wart"}}, {"model": "image.point", "pk": 32643, "fields": {"image": 789, "x": 1918.0, "y": 2007.0, "type": "wart"}}, {"model": "image.point", "pk": 32644, "fields": {"image": 789, "x": 2127.0, "y": 1933.0, "type": "wart"}}, {"model": "image.point", "pk": 32645, "fields": {"image": 789, "x": 2157.0, "y": 2016.0, "type": "wart"}}, {"model": "image.point", "pk": 32646, "fields": {"image": 789, "x": 2122.0, "y": 2163.0, "type": "wart"}}, {"model": "image.point", "pk": 32647, "fields": {"image": 789, "x": 2248.0, "y": 2142.0, "type": "wart"}}, {"model": "image.point", "pk": 32648, "fields": {"image": 789, "x": 2348.0, "y": 2179.0, "type": "wart"}}, {"model": "image.point", "pk": 32649, "fields": {"image": 789, "x": 2659.0, "y": 2261.0, "type": "wart"}}, {"model": "image.point", "pk": 32650, "fields": {"image": 789, "x": 2522.0, "y": 2072.0, "type": "wart"}}, {"model": "image.point", "pk": 32651, "fields": {"image": 789, "x": 2587.0, "y": 2009.0, "type": "wart"}}, {"model": "image.point", "pk": 32652, "fields": {"image": 789, "x": 2739.0, "y": 1968.0, "type": "wart"}}, {"model": "image.point", "pk": 32653, "fields": {"image": 789, "x": 2731.0, "y": 1881.0, "type": "wart"}}, {"model": "image.point", "pk": 32654, "fields": {"image": 789, "x": 2689.0, "y": 1857.0, "type": "wart"}}, {"model": "image.point", "pk": 32655, "fields": {"image": 789, "x": 2672.0, "y": 1996.0, "type": "wart"}}, {"model": "image.point", "pk": 32656, "fields": {"image": 789, "x": 2615.0, "y": 1914.0, "type": "wart"}}, {"model": "image.point", "pk": 32657, "fields": {"image": 789, "x": 2518.0, "y": 1968.0, "type": "wart"}}, {"model": "image.point", "pk": 32658, "fields": {"image": 789, "x": 2361.0, "y": 1961.0, "type": "wart"}}, {"model": "image.point", "pk": 32659, "fields": {"image": 789, "x": 2316.0, "y": 1916.0, "type": "wart"}}, {"model": "image.point", "pk": 32660, "fields": {"image": 789, "x": 2229.0, "y": 1838.0, "type": "wart"}}, {"model": "image.point", "pk": 32661, "fields": {"image": 789, "x": 2177.0, "y": 1794.0, "type": "wart"}}, {"model": "image.point", "pk": 32662, "fields": {"image": 789, "x": 2096.0, "y": 1748.0, "type": "wart"}}, {"model": "image.point", "pk": 32663, "fields": {"image": 789, "x": 2279.0, "y": 1709.0, "type": "wart"}}, {"model": "image.point", "pk": 32664, "fields": {"image": 789, "x": 2374.0, "y": 1833.0, "type": "wart"}}, {"model": "image.point", "pk": 32665, "fields": {"image": 789, "x": 2537.0, "y": 1690.0, "type": "wart"}}, {"model": "image.point", "pk": 34275, "fields": {"image": 326, "x": 1989.0, "y": 1447.0, "type": "wart"}}, {"model": "image.point", "pk": 34276, "fields": {"image": 326, "x": 2084.0, "y": 1478.0, "type": "wart"}}, {"model": "image.point", "pk": 34277, "fields": {"image": 326, "x": 2146.0, "y": 1493.0, "type": "wart"}}, {"model": "image.point", "pk": 34278, "fields": {"image": 326, "x": 2170.0, "y": 1402.0, "type": "wart"}}, {"model": "image.point", "pk": 34279, "fields": {"image": 326, "x": 2233.0, "y": 1344.0, "type": "wart"}}, {"model": "image.point", "pk": 34280, "fields": {"image": 326, "x": 2215.0, "y": 1294.0, "type": "wart"}}, {"model": "image.point", "pk": 34281, "fields": {"image": 326, "x": 2310.0, "y": 1342.0, "type": "wart"}}, {"model": "image.point", "pk": 34282, "fields": {"image": 326, "x": 2336.0, "y": 1501.0, "type": "wart"}}, {"model": "image.point", "pk": 34283, "fields": {"image": 326, "x": 2373.0, "y": 1536.0, "type": "wart"}}, {"model": "image.point", "pk": 34284, "fields": {"image": 326, "x": 2287.0, "y": 1620.0, "type": "wart"}}, {"model": "image.point", "pk": 34285, "fields": {"image": 326, "x": 2220.0, "y": 1596.0, "type": "wart"}}, {"model": "image.point", "pk": 34286, "fields": {"image": 326, "x": 2407.0, "y": 1648.0, "type": "wart"}}, {"model": "image.point", "pk": 34287, "fields": {"image": 326, "x": 2453.0, "y": 1460.0, "type": "wart"}}, {"model": "image.point", "pk": 34288, "fields": {"image": 326, "x": 2544.0, "y": 1422.0, "type": "wart"}}, {"model": "image.point", "pk": 34289, "fields": {"image": 326, "x": 2587.0, "y": 1380.0, "type": "wart"}}, {"model": "image.point", "pk": 34290, "fields": {"image": 326, "x": 2582.0, "y": 1486.0, "type": "wart"}}, {"model": "image.point", "pk": 35283, "fields": {"image": 854, "x": 1881.0, "y": 1531.0, "type": "wart"}}, {"model": "image.point", "pk": 35284, "fields": {"image": 854, "x": 2135.0, "y": 1508.0, "type": "wart"}}, {"model": "image.point", "pk": 35285, "fields": {"image": 854, "x": 2055.0, "y": 1731.0, "type": "wart"}}, {"model": "image.point", "pk": 35286, "fields": {"image": 854, "x": 2128.0, "y": 1674.0, "type": "wart"}}, {"model": "image.point", "pk": 35287, "fields": {"image": 854, "x": 2170.0, "y": 1363.0, "type": "wart"}}, {"model": "image.point", "pk": 35288, "fields": {"image": 854, "x": 2329.0, "y": 1325.0, "type": "wart"}}, {"model": "image.point", "pk": 35289, "fields": {"image": 854, "x": 2340.0, "y": 1475.0, "type": "wart"}}, {"model": "image.point", "pk": 35290, "fields": {"image": 854, "x": 2300.0, "y": 1599.0, "type": "wart"}}, {"model": "image.point", "pk": 35291, "fields": {"image": 854, "x": 2239.0, "y": 1827.0, "type": "wart"}}, {"model": "image.point", "pk": 35292, "fields": {"image": 854, "x": 2336.0, "y": 1789.0, "type": "wart"}}, {"model": "image.point", "pk": 35293, "fields": {"image": 854, "x": 2424.0, "y": 1851.0, "type": "wart"}}, {"model": "image.point", "pk": 35294, "fields": {"image": 854, "x": 2590.0, "y": 1824.0, "type": "wart"}}, {"model": "image.point", "pk": 35295, "fields": {"image": 854, "x": 2460.0, "y": 1714.0, "type": "wart"}}, {"model": "image.point", "pk": 35296, "fields": {"image": 854, "x": 2550.0, "y": 1570.0, "type": "wart"}}, {"model": "image.point", "pk": 35297, "fields": {"image": 854, "x": 2662.0, "y": 1657.0, "type": "wart"}}, {"model": "image.point", "pk": 35298, "fields": {"image": 854, "x": 2674.0, "y": 1590.0, "type": "wart"}}, {"model": "image.point", "pk": 35299, "fields": {"image": 854, "x": 2598.0, "y": 1460.0, "type": "wart"}}, {"model": "image.point", "pk": 35300, "fields": {"image": 854, "x": 2689.0, "y": 1310.0, "type": "wart"}}, {"model": "image.point", "pk": 39161, "fields": {"image": 362, "x": 2153.0, "y": 1674.0, "type": "wart"}}, {"model": "image.point", "pk": 39162, "fields": {"image": 362, "x": 2161.0, "y": 1611.0, "type": "wart"}}, {"model": "image.point", "pk": 39163, "fields": {"image": 362, "x": 2247.0, "y": 1672.0, "type": "wart"}}, {"model": "image.point", "pk": 39164, "fields": {"image": 362, "x": 2189.0, "y": 1768.0, "type": "wart"}}, {"model": "image.point", "pk": 39165, "fields": {"image": 362, "x": 2326.0, "y": 1772.0, "type": "wart"}}, {"model": "image.point", "pk": 39166, "fields": {"image": 362, "x": 2314.0, "y": 1698.0, "type": "wart"}}, {"model": "image.point", "pk": 39167, "fields": {"image": 362, "x": 2360.0, "y": 1643.0, "type": "wart"}}, {"model": "image.point", "pk": 39168, "fields": {"image": 362, "x": 2326.0, "y": 1593.0, "type": "wart"}}, {"model": "image.point", "pk": 39169, "fields": {"image": 362, "x": 2398.0, "y": 1597.0, "type": "wart"}}, {"model": "image.point", "pk": 39170, "fields": {"image": 362, "x": 2398.0, "y": 1553.0, "type": "wart"}}, {"model": "image.point", "pk": 39171, "fields": {"image": 362, "x": 2432.0, "y": 1509.0, "type": "wart"}}, {"model": "image.point", "pk": 39172, "fields": {"image": 362, "x": 2529.0, "y": 1489.0, "type": "wart"}}, {"model": "image.point", "pk": 39173, "fields": {"image": 362, "x": 2581.0, "y": 1458.0, "type": "wart"}}, {"model": "image.point", "pk": 39174, "fields": {"image": 362, "x": 2523.0, "y": 1559.0, "type": "wart"}}, {"model": "image.point", "pk": 39175, "fields": {"image": 362, "x": 2591.0, "y": 1579.0, "type": "wart"}}, {"model": "image.point", "pk": 39176, "fields": {"image": 362, "x": 2706.0, "y": 1478.0, "type": "wart"}}, {"model": "image.point", "pk": 39177, "fields": {"image": 362, "x": 2732.0, "y": 1563.0, "type": "wart"}}, {"model": "image.point", "pk": 39178, "fields": {"image": 362, "x": 2676.0, "y": 1615.0, "type": "wart"}}, {"model": "image.point", "pk": 39179, "fields": {"image": 362, "x": 2764.0, "y": 1665.0, "type": "wart"}}, {"model": "image.point", "pk": 39180, "fields": {"image": 362, "x": 2748.0, "y": 1728.0, "type": "wart"}}, {"model": "image.point", "pk": 39181, "fields": {"image": 362, "x": 2764.0, "y": 1786.0, "type": "wart"}}, {"model": "image.point", "pk": 39182, "fields": {"image": 362, "x": 2768.0, "y": 1909.0, "type": "wart"}}, {"model": "image.point", "pk": 39183, "fields": {"image": 362, "x": 2680.0, "y": 1929.0, "type": "wart"}}, {"model": "image.point", "pk": 39184, "fields": {"image": 362, "x": 2605.0, "y": 1836.0, "type": "wart"}}, {"model": "image.point", "pk": 39185, "fields": {"image": 362, "x": 2567.0, "y": 1857.0, "type": "wart"}}, {"model": "image.point", "pk": 39186, "fields": {"image": 362, "x": 2535.0, "y": 1766.0, "type": "wart"}}, {"model": "image.point", "pk": 39187, "fields": {"image": 362, "x": 2571.0, "y": 1680.0, "type": "wart"}}, {"model": "image.point", "pk": 39188, "fields": {"image": 362, "x": 2579.0, "y": 1643.0, "type": "wart"}}, {"model": "image.point", "pk": 39189, "fields": {"image": 362, "x": 2641.0, "y": 1708.0, "type": "wart"}}, {"model": "image.point", "pk": 39190, "fields": {"image": 362, "x": 2475.0, "y": 1702.0, "type": "wart"}}, {"model": "image.point", "pk": 39191, "fields": {"image": 362, "x": 2446.0, "y": 1670.0, "type": "wart"}}, {"model": "image.point", "pk": 39192, "fields": {"image": 362, "x": 2483.0, "y": 1615.0, "type": "wart"}}, {"model": "image.point", "pk": 39193, "fields": {"image": 362, "x": 2473.0, "y": 1867.0, "type": "wart"}}, {"model": "image.point", "pk": 39194, "fields": {"image": 362, "x": 2426.0, "y": 1806.0, "type": "wart"}}, {"model": "image.point", "pk": 43458, "fields": {"image": 503, "x": 2593.0, "y": 1249.0, "type": "wart"}}, {"model": "image.point", "pk": 43459, "fields": {"image": 503, "x": 2520.0, "y": 1281.0, "type": "wart"}}, {"model": "image.point", "pk": 43460, "fields": {"image": 503, "x": 2388.0, "y": 1266.0, "type": "wart"}}, {"model": "image.point", "pk": 43461, "fields": {"image": 503, "x": 2401.0, "y": 1389.0, "type": "wart"}}, {"model": "image.point", "pk": 43462, "fields": {"image": 503, "x": 2205.0, "y": 1380.0, "type": "wart"}}, {"model": "image.point", "pk": 43463, "fields": {"image": 503, "x": 2190.0, "y": 1309.0, "type": "wart"}}, {"model": "image.point", "pk": 43464, "fields": {"image": 503, "x": 2182.0, "y": 1427.0, "type": "wart"}}, {"model": "image.point", "pk": 43465, "fields": {"image": 503, "x": 2082.0, "y": 1529.0, "type": "wart"}}, {"model": "image.point", "pk": 43466, "fields": {"image": 503, "x": 2223.0, "y": 1527.0, "type": "wart"}}, {"model": "image.point", "pk": 43467, "fields": {"image": 503, "x": 2186.0, "y": 1660.0, "type": "wart"}}, {"model": "image.point", "pk": 43468, "fields": {"image": 503, "x": 2304.0, "y": 1652.0, "type": "wart"}}, {"model": "image.point", "pk": 43469, "fields": {"image": 503, "x": 2347.0, "y": 1680.0, "type": "wart"}}, {"model": "image.point", "pk": 43470, "fields": {"image": 503, "x": 2311.0, "y": 1570.0, "type": "wart"}}, {"model": "image.point", "pk": 43471, "fields": {"image": 503, "x": 2403.0, "y": 1539.0, "type": "wart"}}, {"model": "image.point", "pk": 43472, "fields": {"image": 503, "x": 2373.0, "y": 1483.0, "type": "wart"}}, {"model": "image.point", "pk": 43473, "fields": {"image": 503, "x": 2309.0, "y": 1464.0, "type": "wart"}}, {"model": "image.point", "pk": 43474, "fields": {"image": 503, "x": 2345.0, "y": 1266.0, "type": "wart"}}, {"model": "image.point", "pk": 43475, "fields": {"image": 503, "x": 2539.0, "y": 1460.0, "type": "wart"}}, {"model": "image.point", "pk": 43476, "fields": {"image": 503, "x": 2559.0, "y": 1505.0, "type": "wart"}}, {"model": "image.point", "pk": 43477, "fields": {"image": 503, "x": 2488.0, "y": 1576.0, "type": "wart"}}, {"model": "image.point", "pk": 43478, "fields": {"image": 503, "x": 2505.0, "y": 1622.0, "type": "wart"}}, {"model": "image.point", "pk": 43479, "fields": {"image": 503, "x": 2628.0, "y": 1729.0, "type": "wart"}}, {"model": "image.point", "pk": 43480, "fields": {"image": 503, "x": 2671.0, "y": 1537.0, "type": "wart"}}, {"model": "image.point", "pk": 43481, "fields": {"image": 503, "x": 2669.0, "y": 1462.0, "type": "wart"}}, {"model": "image.point", "pk": 43482, "fields": {"image": 503, "x": 2589.0, "y": 1428.0, "type": "wart"}}, {"model": "image.point", "pk": 43483, "fields": {"image": 503, "x": 2595.0, "y": 1505.0, "type": "wart"}}, {"model": "image.point", "pk": 44443, "fields": {"image": 365, "x": 2726.0, "y": 1416.0, "type": "wart"}}, {"model": "image.point", "pk": 44444, "fields": {"image": 365, "x": 2671.0, "y": 1447.0, "type": "wart"}}, {"model": "image.point", "pk": 44445, "fields": {"image": 365, "x": 2719.0, "y": 1587.0, "type": "wart"}}, {"model": "image.point", "pk": 44446, "fields": {"image": 365, "x": 2726.0, "y": 1660.0, "type": "wart"}}, {"model": "image.point", "pk": 44447, "fields": {"image": 365, "x": 2691.0, "y": 1661.0, "type": "wart"}}, {"model": "image.point", "pk": 44448, "fields": {"image": 365, "x": 2629.0, "y": 1591.0, "type": "wart"}}, {"model": "image.point", "pk": 44449, "fields": {"image": 365, "x": 2563.0, "y": 1531.0, "type": "wart"}}, {"model": "image.point", "pk": 44450, "fields": {"image": 365, "x": 2561.0, "y": 1419.0, "type": "wart"}}, {"model": "image.point", "pk": 44451, "fields": {"image": 365, "x": 2504.0, "y": 1425.0, "type": "wart"}}, {"model": "image.point", "pk": 44452, "fields": {"image": 365, "x": 2389.0, "y": 1534.0, "type": "wart"}}, {"model": "image.point", "pk": 44453, "fields": {"image": 365, "x": 2365.0, "y": 1578.0, "type": "wart"}}, {"model": "image.point", "pk": 44454, "fields": {"image": 365, "x": 2260.0, "y": 1678.0, "type": "wart"}}, {"model": "image.point", "pk": 44455, "fields": {"image": 365, "x": 2408.0, "y": 1676.0, "type": "wart"}}, {"model": "image.point", "pk": 44456, "fields": {"image": 365, "x": 2487.0, "y": 1711.0, "type": "wart"}}, {"model": "image.point", "pk": 44457, "fields": {"image": 365, "x": 2477.0, "y": 1806.0, "type": "wart"}}, {"model": "image.point", "pk": 44458, "fields": {"image": 365, "x": 2515.0, "y": 1839.0, "type": "wart"}}, {"model": "image.point", "pk": 44459, "fields": {"image": 365, "x": 2660.0, "y": 1773.0, "type": "wart"}}, {"model": "image.point", "pk": 44460, "fields": {"image": 365, "x": 2642.0, "y": 1739.0, "type": "wart"}}, {"model": "image.point", "pk": 44461, "fields": {"image": 365, "x": 2570.0, "y": 1692.0, "type": "wart"}}, {"model": "image.point", "pk": 44462, "fields": {"image": 365, "x": 2536.0, "y": 1629.0, "type": "wart"}}, {"model": "image.point", "pk": 44463, "fields": {"image": 365, "x": 2490.0, "y": 1602.0, "type": "wart"}}, {"model": "image.point", "pk": 44464, "fields": {"image": 365, "x": 2156.0, "y": 1656.0, "type": "wart"}}, {"model": "image.point", "pk": 44465, "fields": {"image": 365, "x": 2372.0, "y": 1806.0, "type": "wart"}}, {"model": "image.point", "pk": 47184, "fields": {"image": 503, "x": 2922.0, "y": 1459.0, "type": "tail"}}, {"model": "image.point", "pk": 47185, "fields": {"image": 503, "x": 1620.0, "y": 1464.0, "type": "nose"}}, {"model": "image.point", "pk": 47186, "fields": {"image": 503, "x": 2002.0, "y": 1278.0, "type": "left_eye"}}, {"model": "image.point", "pk": 47187, "fields": {"image": 503, "x": 1958.0, "y": 1680.0, "type": "right_eye"}}, {"model": "image.point", "pk": 47356, "fields": {"image": 362, "x": 3147.0, "y": 1684.0, "type": "tail"}}, {"model": "image.point", "pk": 47357, "fields": {"image": 362, "x": 1785.0, "y": 1680.0, "type": "nose"}}, {"model": "image.point", "pk": 47358, "fields": {"image": 362, "x": 2124.0, "y": 1495.0, "type": "left_eye"}}, {"model": "image.point", "pk": 47359, "fields": {"image": 362, "x": 2128.0, "y": 1861.0, "type": "right_eye"}}, {"model": "image.point", "pk": 47368, "fields": {"image": 365, "x": 3030.0, "y": 1636.0, "type": "tail"}}, {"model": "image.point", "pk": 47369, "fields": {"image": 365, "x": 1822.0, "y": 1626.0, "type": "nose"}}, {"model": "image.point", "pk": 47370, "fields": {"image": 365, "x": 2163.0, "y": 1437.0, "type": "left_eye"}}, {"model": "image.point", "pk": 47371, "fields": {"image": 365, "x": 2150.0, "y": 1820.0, "type": "right_eye"}}, {"model": "image.point", "pk": 48204, "fields": {"image": 326, "x": 2822.0, "y": 1454.0, "type": "tail"}}, {"model": "image.point", "pk": 48205, "fields": {"image": 326, "x": 1672.0, "y": 1450.0, "type": "nose"}}, {"model": "image.point", "pk": 48206, "fields": {"image": 326, "x": 1971.0, "y": 1280.0, "type": "left_eye"}}, {"model": "image.point", "pk": 48207, "fields": {"image": 326, "x": 1969.0, "y": 1598.0, "type": "right_eye"}}, {"model": "image.point", "pk": 49428, "fields": {"image": 73, "x": 3283.0, "y": 1665.0, "type": "tail"}}, {"model": "image.point", "pk": 49429, "fields": {"image": 73, "x": 1352.0, "y": 1658.0, "type": "nose"}}, {"model": "image.point", "pk": 49430, "fields": {"image": 73, "x": 1795.0, "y": 1366.0, "type": "left_eye"}}, {"model": "image.point", "pk": 49431, "fields": {"image": 73, "x": 1825.0, "y": 1963.0, "type": "right_eye"}}, {"model": "image.point", "pk": 49744, "fields": {"image": 1, "x": 3125.0, "y": 1650.0, "type": "tail"}}, {"model": "image.point", "pk": 49745, "fields": {"image": 1, "x": 981.0, "y": 1682.0, "type": "nose"}}, {"model": "image.point", "pk": 49746, "fields": {"image": 1, "x": 1518.0, "y": 1376.0, "type": "left_eye"}}, {"model": "image.point", "pk": 49747, "fields": {"image": 1, "x": 1500.0, "y": 2039.0, "type": "right_eye"}}, {"model": "image.point", "pk": 49788, "fields": {"image": 12, "x": 3457.0, "y": 1742.0, "type": "tail"}}, {"model": "image.point", "pk": 49789, "fields": {"image": 12, "x": 1499.0, "y": 1754.0, "type": "nose"}}, {"model": "image.point", "pk": 49790, "fields": {"image": 12, "x": 1974.0, "y": 1461.0, "type": "left_eye"}}, {"model": "image.point", "pk": 49791, "fields": {"image": 12, "x": 1918.0, "y": 2055.0, "type": "right_eye"}}, {"model": "image.point", "pk": 50916, "fields": {"image": 854, "x": 3191.0, "y": 1596.0, "type": "tail"}}, {"model": "image.point", "pk": 50917, "fields": {"image": 854, "x": 1307.0, "y": 1599.0, "type": "nose"}}, {"model": "image.point", "pk": 50918, "fields": {"image": 854, "x": 1835.0, "y": 1304.0, "type": "left_eye"}}, {"model": "image.point", "pk": 50919, "fields": {"image": 854, "x": 1836.0, "y": 1894.0, "type": "right_eye"}}, {"model": "image.point", "pk": 51092, "fields": {"image": 789, "x": 3080.0, "y": 1931.0, "type": "tail"}}, {"model": "image.point", "pk": 51093, "fields": {"image": 789, "x": 1419.0, "y": 1944.0, "type": "nose"}}, {"model": "image.point", "pk": 51094, "fields": {"image": 789, "x": 1889.0, "y": 1686.0, "type": "left_eye"}}, {"model": "image.point", "pk": 51095, "fields": {"image": 789, "x": 1888.0, "y": 2196.0, "type": "right_eye"}}, {"model": "image.point", "pk": 51228, "fields": {"image": 750, "x": 2744.0, "y": 1762.0, "type": "tail"}}, {"model": "image.point", "pk": 51229, "fields": {"image": 750, "x": 1536.0, "y": 1766.0, "type": "nose"}}, {"model": "image.point", "pk": 51230, "fields": {"image": 750, "x": 1827.0, "y": 1570.0, "type": "left_eye"}}, {"model": "image.point", "pk": 51231, "fields": {"image": 750, "x": 1873.0, "y": 1948.0, "type": "right_eye"}}, {"model": "image.point", "pk": 51568, "fields": {"image": 652, "x": 3194.0, "y": 1848.0, "type": "tail"}}, {"model": "image.point", "pk": 51569, "fields": {"image": 652, "x": 1547.0, "y": 1863.0, "type": "nose"}}, {"model": "image.point", "pk": 51570, "fields": {"image": 652, "x": 2024.0, "y": 1619.0, "type": "left_eye"}}, {"model": "image.point", "pk": 51571, "fields": {"image": 652, "x": 1975.0, "y": 2118.0, "type": "right_eye"}}, {"model": "image.point", "pk": 51652, "fields": {"image": 673, "x": 3138.0, "y": 1716.0, "type": "tail"}}, {"model": "image.point", "pk": 51653, "fields": {"image": 673, "x": 1369.0, "y": 1766.0, "type": "nose"}}, {"model": "image.point", "pk": 51654, "fields": {"image": 673, "x": 1867.0, "y": 1485.0, "type": "left_eye"}}, {"model": "image.point", "pk": 51655, "fields": {"image": 673, "x": 1874.0, "y": 2047.0, "type": "right_eye"}}, {"model": "image.point", "pk": 52264, "fields": {"image": 673, "x": 1771.0, "y": 1723.0, "type": "wart"}}, {"model": "image.point", "pk": 52265, "fields": {"image": 673, "x": 2829.0, "y": 1485.0, "type": "wart"}}, {"model": "image.point", "pk": 52266, "fields": {"image": 673, "x": 2771.0, "y": 1878.0, "type": "wart"}}, {"model": "image.point", "pk": 52297, "fields": {"image": 652, "x": 2476.0, "y": 1753.0, "type": "wart"}}, {"model": "image.point", "pk": 52298, "fields": {"image": 652, "x": 2342.0, "y": 1759.0, "type": "wart"}}, {"model": "image.point", "pk": 52299, "fields": {"image": 652, "x": 2754.0, "y": 1770.0, "type": "wart"}}, {"model": "image.point", "pk": 52300, "fields": {"image": 652, "x": 2792.0, "y": 1802.0, "type": "wart"}}, {"model": "image.point", "pk": 52301, "fields": {"image": 652, "x": 2893.0, "y": 1860.0, "type": "wart"}}, {"model": "image.point", "pk": 52302, "fields": {"image": 652, "x": 1940.0, "y": 1845.0, "type": "wart"}}, {"model": "image.point", "pk": 52303, "fields": {"image": 652, "x": 2129.0, "y": 1900.0, "type": "wart"}}, {"model": "image.point", "pk": 52304, "fields": {"image": 652, "x": 2032.0, "y": 1749.0, "type": "wart"}}, {"model": "image.point", "pk": 52375, "fields": {"image": 362, "x": 2064.0, "y": 1679.0, "type": "wart"}}, {"model": "image.point", "pk": 52376, "fields": {"image": 362, "x": 2849.0, "y": 1624.0, "type": "wart"}}, {"model": "image.point", "pk": 52377, "fields": {"image": 362, "x": 2884.0, "y": 1668.0, "type": "wart"}}, {"model": "image.point", "pk": 52378, "fields": {"image": 362, "x": 2893.0, "y": 1548.0, "type": "wart"}}, {"model": "image.point", "pk": 52379, "fields": {"image": 362, "x": 2441.0, "y": 1764.0, "type": "wart"}}, {"model": "image.point", "pk": 52380, "fields": {"image": 362, "x": 2490.0, "y": 1773.0, "type": "wart"}}, {"model": "image.point", "pk": 52431, "fields": {"image": 854, "x": 2787.0, "y": 1687.0, "type": "wart"}}, {"model": "image.point", "pk": 52855, "fields": {"image": 326, "x": 2651.0, "y": 1478.0, "type": "wart"}}, {"model": "image.point", "pk": 52856, "fields": {"image": 326, "x": 2740.0, "y": 1466.0, "type": "wart"}}, {"model": "image.point", "pk": 54052, "fields": {"image": 12, "x": 2308.0, "y": 1822.0, "type": "wart"}}, {"model": "pair.pair", "pk": 72, "fields": {"first": 1, "second": 73, "result": 0.470588235294118, "match": null, "rot": 0.0, "t_x": 0.0, "t_y": 0.0, "scale_x": 0.0, "scale_y": 0.0, "shear": 0.0, "comment": "", "disabled_for_training": false}}, {"model": "pair.pair", "pk": 325, "fields": {"first": 1, "second": 326, "result": 0.6875, "match": 0, "rot": 0.0, "t_x": 0.0, "t_y": 0.0, "scale_x": 0.0, "scale_y": 0.0, "shear": 0.0, "comment": "", "disabled_for_training": false}}, {"model": "pair.pair", "pk": 361, "fields": {"first": 1, "second": 362, "result": 0.875, "match": 1, "rot": 0.0, "t_x": 0.0, "t_y": 0.0, "scale_x": 0.0, "scale_y": 0.0, "shear": 0.0, "comment": "", "disabled_for_training": false}}, {"model": "pair.pair", "pk": 364, "fields": {"first": 1, "second": 365, "result": 0.434782608695652, "match": null, "rot": 0.0, "t_x": 0.0, "t_y": 0.0, "scale_x": 0.0, "scale_y": 0.0, "shear": 0.0, "comment": "", "disabled_for_training": false}}, {"model": "pair.pair", "pk": 502, "fields": {"first": 1, "second": 503, "result": 0.384615384615385, "match": null, "rot": 0.0, "t_x": 0.0, "t_y": 0.0, "scale_x": 0.0, "scale_y": 0.0, "shear": 0.0, "comment": "", "disabled_for_training": false}}, {"model": "pair.pair", "pk": 651, "fields": {"first": 1, "second": 652, "result": 0.1875, "match": null, "rot": 0.0, "t_x": 0.0, "t_y": 0.0, "scale_x": 0.0, "scale_y": 0.0, "shear": 0.0, "comment": "", "disabled_for_training": false}}, {"model": "pair.pair", "pk": 672, "fields": {"first": 1, "second": 673, "result": 0.368421052631579, "match": null, "rot": 0.0, "t_x": 0.0, "t_y": 0.0, "scale_x": 0.0, "scale_y": 0.0, "shear": 0.0, "comment": "", "disabled_for_training": false}}, {"model": "pair.pair", "pk": 749, "fields": {"first": 1, "second": 750, "result": 0.4, "match": null, "rot": 0.0, "t_x": 0.0, "t_y": 0.0, "scale_x": 0.0, "scale_y": 0.0, "shear": 0.0, "comment": "", "disabled_for_training": false}}, {"model": "pair.pair", "pk": 788, "fields": {"first": 1, "second": 789, "result": 0.416666666666667, "match": null, "rot": 0.0, "t_x": 0.0, "t_y": 0.0, "scale_x": 0.0, "scale_y": 0.0, "shear": 0.0, "comment": "", "disabled_for_training": false}}, {"model": "pair.pair", "pk": 853, "fields": {"first": 1, "second": 854, "result": 0.5, "match": null, "rot": 0.0, "t_x": 0.0, "t_y": 0.0, "scale_x": 0.0, "scale_y": 0.0, "shear": 0.0, "comment": "", "disabled_for_training": false}}, {"model": "pair.pair", "pk": 12205, "fields": {"first": 12, "second": 73, "result": 0.235294117647059, "match": null, "rot": 0.0, "t_x": 0.0, "t_y": 0.0, "scale_x": 0.0, "scale_y": 0.0, "shear": 0.0, "comment": "", "disabled_for_training": false}}, {"model": "pair.pair", "pk": 12458, "fields": {"first": 12, "second": 326, "result": 0.125, "match": null, "rot": 0.0, "t_x": 0.0, "t_y": 0.0, "scale_x": 0.0, "scale_y": 0.0, "shear": 0.0, "comment": "", "disabled_for_training": false}}, {"model": "pair.pair", "pk": 12494, "fields": {"first": 12, "second": 362, "result": 0.409090909090909, "match": null, "rot": 0.0, "t_x": 0.0, "t_y": 0.0, "scale_x": 0.0, "scale_y": 0.0, "shear": 0.0, "comment": "", "disabled_for_training": false}}, {"model": "pair.pair", "pk": 12497, "fields": {"first": 12, "second": 365, "result": 0.227272727272727, "match": null, "rot": 0.0, "t_x": 0.0, "t_y": 0.0, "scale_x": 0.0, "scale_y": 0.0, "shear": 0.0, "comment": "", "disabled_for_training": false}}, {"model": "pair.pair", "pk": 12635, "fields": {"first": 12, "second": 503, "result": 0.454545454545455, "match": null, "rot": 0.0, "t_x": 0.0, "t_y": 0.0, "scale_x": 0.0, "scale_y": 0.0, "shear": 0.0, "comment": "", "disabled_for_training": false}}, {"model": "pair.pair", "pk": 12784, "fields": {"first": 12, "second": 652, "result": 0.375, "match": null, "rot": 0.0, "t_x": 0.0, "t_y": 0.0, "scale_x": 0.0, "scale_y": 0.0, "shear": 0.0, "comment": "", "disabled_for_training": false}}, {"model": "pair.pair", "pk": 12805, "fields": {"first": 12, "second": 673, "result": 0.368421052631579, "match": null, "rot": 0.0, "t_x": 0.0, "t_y": 0.0, "scale_x": 0.0, "scale_y": 0.0, "shear": 0.0, "comment": "", "disabled_for_training": false}}, {"model": "pair.pair", "pk": 12882, "fields": {"first": 12, "second": 750, "result": 0.25, "match": null, "rot": 0.0, "t_x": 0.0, "t_y": 0.0, "scale_x": 0.0, "scale_y": 0.0, "shear": 0.0, "comment": "", "disabled_for_training": false}}, {"model": "pair.pair", "pk": 12921, "fields": {"first": 12, "second": 789, "result": 0.227272727272727, "match": null, "rot": 0.0, "t_x": 0.0, "t_y": 0.0, "scale_x": 0.0, "scale_y": 0.0, "shear": 0.0, "comment": "", "disabled_for_training": false}}, {"model": "pair.pair", "pk": 12986, "fields": {"first": 12, "second": 854, "result": 0.0, "match": null, "rot": 0.0, "t_x": 0.0, "t_y": 0.0, "scale_x": 0.0, "scale_y": 0.0, "shear": 0.0, "comment": "", "disabled_for_training": false}}, {"model": "pair.pair", "pk": 77545, "fields": {"first": 73, "second": 326, "result": 0.25, "match": null, "rot": 0.0, "t_x": 0.0, "t_y": 0.0, "scale_x": 0.0, "scale_y": 0.0, "shear": 0.0, "comment": "", "disabled_for_training": false}}, {"model": "pair.pair", "pk": 77581, "fields": {"first": 73, "second": 362, "result": 0.235294117647059, "match": null, "rot": 0.0, "t_x": 0.0, "t_y": 0.0, "scale_x": 0.0, "scale_y": 0.0, "shear": 0.0, "comment": "", "disabled_for_training": false}}, {"model": "pair.pair", "pk": 77584, "fields": {"first": 73, "second": 365, "result": 0.235294117647059, "match": null, "rot": 0.0, "t_x": 0.0, "t_y": 0.0, "scale_x": 0.0, "scale_y": 0.0, "shear": 0.0, "comment": "", "disabled_for_training": false}}, {"model": "pair.pair", "pk": 77722, "fields": {"first": 73, "second": 503, "result": 0.470588235294118, "match": null, "rot": 0.0, "t_x": 0.0, "t_y": 0.0, "scale_x": 0.0, "scale_y": 0.0, "shear": 0.0, "comment": "", "disabled_for_training": false}}, {"model": "pair.pair", "pk": 77871, "fields": {"first": 73, "second": 652, "result": 0.375, "match": null, "rot": 0.0, "t_x": 0.0, "t_y": 0.0, "scale_x": 0.0, "scale_y": 0.0, "shear": 0.0, "comment": "", "disabled_for_training": false}}, {"model": "pair.pair", "pk": 77892, "fields": {"first": 73, "second": 673, "result": 0.352941176470588, "match": null, "rot": 0.0, "t_x": 0.0, "t_y": 0.0, "scale_x": 0.0, "scale_y": 0.0, "shear": 0.0, "comment": "", "disabled_for_training": false}}, {"model": "pair.pair", "pk": 77969, "fields": {"first": 73, "second": 750, "result": 0.764705882352941, "match": 1, "rot": 0.0, "t_x": 0.0, "t_y": 0.0, "scale_x": 0.0, "scale_y": 0.0, "shear": 0.0, "comment": "", "disabled_for_training": false}}, {"model": "pair.pair", "pk": 78008, "fields": {"first": 73, "second": 789, "result": 0.529411764705882, "match": null, "rot": 0.0, "t_x": 0.0, "t_y": 0.0, "scale_x": 0.0, "scale_y": 0.0, "shear": 0.0, "comment": "", "disabled_for_training": false}}, {"model": "pair.pair", "pk": 78073, "fields": {"first": 73, "second": 854, "result": 0.352941176470588, "match": null, "rot": 0.0, "t_x": 0.0, "t_y": 0.0, "scale_x": 0.0, "scale_y": 0.0, "shear": 0.0, "comment": "", "disabled_for_training": false}}, {"model": "pair.pair", "pk": 307811, "fields": {"first": 326, "second": 362, "result": 0.4375, "match": null, "rot": 0.0, "t_x": 0.0, "t_y": 0.0, "scale_x": 0.0, "scale_y": 0.0, "shear": 0.0, "comment": "", "disabled_for_training": false}}, {"model": "pair.pair", "pk": 307814, "fields": {"first": 326, "second": 365, "result": 0.25, "match": null, "rot": 0.0, "t_x": 0.0, "t_y": 0.0, "scale_x": 0.0, "scale_y": 0.0, "shear": 0.0, "comment": "", "disabled_for_training": false}}, {"model": "pair.pair", "pk": 307952, "fields": {"first": 326, "second": 503, "result": 0.3125, "match": null, "rot": 0.0, "t_x": 0.0, "t_y": 0.0, "scale_x": 0.0, "scale_y": 0.0, "shear": 0.0, "comment": "", "disabled_for_training": false}}, {"model": "pair.pair", "pk": 308101, "fields": {"first": 326, "second": 652, "result": 0.4375, "match": null, "rot": 0.0, "t_x": 0.0, "t_y": 0.0, "scale_x": 0.0, "scale_y": 0.0, "shear": 0.0, "comment": "", "disabled_for_training": false}}, {"model": "pair.pair", "pk": 308122, "fields": {"first": 326, "second": 673, "result": 0.25, "match": null, "rot": 0.0, "t_x": 0.0, "t_y": 0.0, "scale_x": 0.0, "scale_y": 0.0, "shear": 0.0, "comment": "", "disabled_for_training": false}}, {"model": "pair.pair", "pk": 308199, "fields": {"first": 326, "second": 750, "result": 0.375, "match": null, "rot": 0.0, "t_x": 0.0, "t_y": 0.0, "scale_x": 0.0, "scale_y": 0.0, "shear": 0.0, "comment": "", "disabled_for_training": false}}, {"model": "pair.pair", "pk": 308238, "fields": {"first": 326, "second": 789, "result": 0.4375, "match": null, "rot": 0.0, "t_x": 0.0, "t_y": 0.0, "scale_x": 0.0, "scale_y": 0.0, "shear": 0.0, "comment": "", "disabled_for_training": false}}, {"model": "pair.pair", "pk": 308303, "fields": {"first": 326, "second": 854, "result": 0.3125, "match": null, "rot": 0.0, "t_x": 0.0, "t_y": 0.0, "scale_x": 0.0, "scale_y": 0.0, "shear": 0.0, "comment": "", "disabled_for_training": false}}, {"model": "pair.pair", "pk": 335510, "fields": {"first": 362, "second": 503, "result": 0.307692307692308, "match": null, "rot": 0.0, "t_x": 0.0, "t_y": 0.0, "scale_x": 0.0, "scale_y": 0.0, "shear": 0.0, "comment": "", "disabled_for_training": false}}, {"model": "pair.pair", "pk": 335659, "fields": {"first": 362, "second": 652, "result": 0.25, "match": null, "rot": 0.0, "t_x": 0.0, "t_y": 0.0, "scale_x": 0.0, "scale_y": 0.0, "shear": 0.0, "comment": "", "disabled_for_training": false}}, {"model": "pair.pair", "pk": 335680, "fields": {"first": 362, "second": 673, "result": 0.473684210526316, "match": null, "rot": 0.0, "t_x": 0.0, "t_y": 0.0, "scale_x": 0.0, "scale_y": 0.0, "shear": 0.0, "comment": "", "disabled_for_training": false}}, {"model": "pair.pair", "pk": 335757, "fields": {"first": 362, "second": 750, "result": 0.4, "match": null, "rot": 0.0, "t_x": 0.0, "t_y": 0.0, "scale_x": 0.0, "scale_y": 0.0, "shear": 0.0, "comment": "", "disabled_for_training": false}}, {"model": "pair.pair", "pk": 335796, "fields": {"first": 362, "second": 789, "result": 0.416666666666667, "match": null, "rot": 0.0, "t_x": 0.0, "t_y": 0.0, "scale_x": 0.0, "scale_y": 0.0, "shear": 0.0, "comment": "", "disabled_for_training": false}}, {"model": "pair.pair", "pk": 335861, "fields": {"first": 362, "second": 854, "result": 0.5, "match": null, "rot": 0.0, "t_x": 0.0, "t_y": 0.0, "scale_x": 0.0, "scale_y": 0.0, "shear": 0.0, "comment": "", "disabled_for_training": false}}, {"model": "pair.pair", "pk": 337748, "fields": {"first": 365, "second": 503, "result": 0.91304347826087, "match": 1, "rot": 0.0, "t_x": 0.0, "t_y": 0.0, "scale_x": 0.0, "scale_y": 0.0, "shear": 0.0, "comment": "M\u00e4nnchen 2x mit Eiern  im selben Jahr", "disabled_for_training": false}}, {"model": "pair.pair", "pk": 337897, "fields": {"first": 365, "second": 652, "result": 0.25, "match": null, "rot": 0.0, "t_x": 0.0, "t_y": 0.0, "scale_x": 0.0, "scale_y": 0.0, "shear": 0.0, "comment": "", "disabled_for_training": false}}, {"model": "pair.pair", "pk": 337918, "fields": {"first": 365, "second": 673, "result": 0.368421052631579, "match": null, "rot": 0.0, "t_x": 0.0, "t_y": 0.0, "scale_x": 0.0, "scale_y": 0.0, "shear": 0.0, "comment": "", "disabled_for_training": false}}, {"model": "pair.pair", "pk": 337995, "fields": {"first": 365, "second": 750, "result": 0.4, "match": null, "rot": 0.0, "t_x": 0.0, "t_y": 0.0, "scale_x": 0.0, "scale_y": 0.0, "shear": 0.0, "comment": "", "disabled_for_training": false}}, {"model": "pair.pair", "pk": 338034, "fields": {"first": 365, "second": 789, "result": 0.391304347826087, "match": null, "rot": 0.0, "t_x": 0.0, "t_y": 0.0, "scale_x": 0.0, "scale_y": 0.0, "shear": 0.0, "comment": "", "disabled_for_training": false}}, {"model": "pair.pair", "pk": 338099, "fields": {"first": 365, "second": 854, "result": 0.388888888888889, "match": null, "rot": 0.0, "t_x": 0.0, "t_y": 0.0, "scale_x": 0.0, "scale_y": 0.0, "shear": 0.0, "comment": "", "disabled_for_training": false}}, {"model": "pair.pair", "pk": 431116, "fields": {"first": 503, "second": 652, "result": 0.5, "match": null, "rot": 0.0, "t_x": 0.0, "t_y": 0.0, "scale_x": 0.0, "scale_y": 0.0, "shear": 0.0, "comment": "", "disabled_for_training": false}}, {"model": "pair.pair", "pk": 431137, "fields": {"first": 503, "second": 673, "result": 0.368421052631579, "match": null, "rot": 0.0, "t_x": 0.0, "t_y": 0.0, "scale_x": 0.0, "scale_y": 0.0, "shear": 0.0, "comment": "", "disabled_for_training": false}}, {"model": "pair.pair", "pk": 431214, "fields": {"first": 503, "second": 750, "result": 0.4, "match": null, "rot": 0.0, "t_x": 0.0, "t_y": 0.0, "scale_x": 0.0, "scale_y": 0.0, "shear": 0.0, "comment": "", "disabled_for_training": false}}, {"model": "pair.pair", "pk": 431253, "fields": {"first": 503, "second": 789, "result": 0.5, "match": null, "rot": 0.0, "t_x": 0.0, "t_y": 0.0, "scale_x": 0.0, "scale_y": 0.0, "shear": 0.0, "comment": "", "disabled_for_training": false}}, {"model": "pair.pair", "pk": 431318, "fields": {"first": 503, "second": 854, "result": 0.388888888888889, "match": null, "rot": 0.0, "t_x": 0.0, "t_y": 0.0, "scale_x": 0.0, "scale_y": 0.0, "shear": 0.0, "comment": "", "disabled_for_training": false}}, {"model": "pair.pair", "pk": 510482, "fields": {"first": 652, "second": 750, "result": 0.4375, "match": null, "rot": 0.0, "t_x": 0.0, "t_y": 0.0, "scale_x": 0.0, "scale_y": 0.0, "shear": 0.0, "comment": "", "disabled_for_training": false}}, {"model": "pair.pair", "pk": 510521, "fields": {"first": 652, "second": 789, "result": 1.0, "match": 1, "rot": 0.0, "t_x": 0.0, "t_y": 0.0, "scale_x": 0.0, "scale_y": 0.0, "shear": 0.0, "comment": "M\u00e4nnchen 2x mit Eiern im selben Jahr\r\n\r\nAnd longer", "disabled_for_training": false}}, {"model": "pair.pair", "pk": 510586, "fields": {"first": 652, "second": 854, "result": 0.25, "match": null, "rot": 0.0, "t_x": 0.0, "t_y": 0.0, "scale_x": 0.0, "scale_y": 0.0, "shear": 0.0, "comment": "", "disabled_for_training": false}}, {"model": "pair.pair", "pk": 519869, "fields": {"first": 673, "second": 750, "result": 0.368421052631579, "match": null, "rot": 0.0, "t_x": 0.0, "t_y": 0.0, "scale_x": 0.0, "scale_y": 0.0, "shear": 0.0, "comment": "", "disabled_for_training": false}}, {"model": "pair.pair", "pk": 519908, "fields": {"first": 673, "second": 789, "result": 0.263157894736842, "match": null, "rot": 0.0, "t_x": 0.0, "t_y": 0.0, "scale_x": 0.0, "scale_y": 0.0, "shear": 0.0, "comment": "", "disabled_for_training": false}}, {"model": "pair.pair", "pk": 519973, "fields": {"first": 673, "second": 854, "result": 0.944444444444444, "match": 1, "rot": 0.0, "t_x": 0.0, "t_y": 0.0, "scale_x": 0.0, "scale_y": 0.0, "shear": 0.0, "comment": "", "disabled_for_training": false}}, {"model": "pair.pair", "pk": 550619, "fields": {"first": 750, "second": 854, "result": 0.277777777777778, "match": null, "rot": 0.0, "t_x": 0.0, "t_y": 0.0, "scale_x": 0.0, "scale_y": 0.0, "shear": 0.0, "comment": "", "disabled_for_training": false}}, {"model": "pair.pair", "pk": 563879, "fields": {"first": 789, "second": 854, "result": 0.277777777777778, "match": null, "rot": 0.0, "t_x": 0.0, "t_y": 0.0, "scale_x": 0.0, "scale_y": 0.0, "shear": 0.0, "comment": "", "disabled_for_training": false}}, {"model": "prediction.prediction", "pk": 1, "fields": {"name": "Test", "status": "failed", "created": "2018-02-26T16:02:35.001", "started": "2018-02-26T16:02:38.193", "ended": null, "prediction": "", "num_combinations": null, "num_selected": null, "pid": 860, "pools": [1, 2]}}]